k a l ɪ g ɪ n oː s ʊ m	k aː l iː g ɪ n oː s ʊ m
ʊ ŋ g uː l aː t ʊ m	ʊ ŋ g ʊ l aː t ʊ m
k ɛ r w aː r ɛ	k ɪ r k ɪ n aː r ɛ
t r aː n s p ɔ r t aː r ɛ	t r aː n s p ɔ r t aː r ɛ
b ɛ n ɛ w oː l ʊ m	b ɛ n ɛ w ɔ l ʊ m
d eː w eː r ɛ	d eː b eː r ɛ
f uː r t ɪ w ʊ m	f uː r t iː w ʊ m
k a m ɪ n ʊ m	k a m iː n ʊ m
t ɛ k s t ɪ l ɛ m	t ɛ k s t ɪ l ɛ
m ɛ r ɪ d j oː n aː l ɛ	m ɛ r iː d j oː n aː l ɛ m
g ɛ m ɪ n aː r ɛ	g ɛ m ɪ n aː r ɛ
s k aː l p ɛ lː ʊ m	s k a l p ɛ lː ʊ m
ɪ n t ɛ rː ʊ p t j oː n ɛ m	ɪ n t ɛ rː ʊ p t j oː n ɛ m
s ɔ l ɛ k ɪ t ʊ m	s ɔ lː ɪ k ɪ t ʊ m
a w ɛ s t r uː k ʊ m	s t r uː tʰ j oː n ɛ m
l a m b ɛ r ɛ	l a m b ɛ r ɛ
uː ŋ ɛ n s aː r ɛ	d eː n s aː r ɛ
g ɛ n t aː r ɛ	kʷ ɪ eː t aː r ɛ
aɪ t ɛ r ɛ m	aɪ tʰ ɛ r ɛ m
a k ɛ ʊ m	aː k ɛu m
d ɔ t aː t j ʊ n ɛ m	d oː t aː t j oː n ɛ m
k a d aː w ɛ r ɛ	k a d aː w ɛ r
a l a b a s t r ʊ m	a l a b a s t r ʊ m
p a p eː r j ʊ m	p a p y r ʊ m
l ɛ ɔ p aː d ʊ m	l ɛ ɔ p a r d ʊ m
s uː b s ɪ d j ʊ m	s ʊ b s ɪ d j ʊ m
t r eː m ɛ r ɛ	t r ɛ m ɛ r ɛ
m uː r ɛ	m uː r ɛ m
p l aː sː ʊ m aː r ɛ	p l a s m aː r ɛ
w ɛ r ɛ k ʊ n d j a m	w ɛ r eː k ʊ n d j a m
d ɛ s ɪ d j a m	d eː s ɪ d j a m
a g aː t a m	a kʰ aː t eː n
r ɛ g y l aː r ɛ	r eː g ʊ l aː r ɛ
r aː a m	r a j a m
d ɛ rː uː iː	d iː r ʊ ɛ r ɛ
a s p ɛ k t ʊ m	a s p ɛ k t ʊ m
k ɛ r k ɪ n ɛ	k ɪ r k ɪ n ʊ m
ɔ p uː l ɛ n t j a m	ɔ p ʊ l ɛ n t j a m
t r aː d ɪ m oː r ɛ	t r aː d ɪ t oː r ɛ m
f ɔ r t ɪ f ɪ k aː r ɛ	f ɔ r t ɪ f ɪ k aː r ɛ
s k ɪ m j ʊ m	s iː m j ʊ m
s k r ʊ p uː l oː s ʊ m	s k r uː p ʊ l oː s ʊ m
ʊ p ɛ ɛ r ɛ k r ʊ m	ɔ p ɛ r aː r j ʊ m
kʷ a t r aː t ʊ m	kʷ a d r aː t ʊ m
j uː r aː t oː r ɛ	j uː r aː t oː r ɛ m
s ɪ n k ɪ p uː m	s ɪ ŋ k ɪ p ʊ t
k a l w ʊ m	k a l w ʊ m
f a s t ɪ d j oː s ʊ m	f a s t iː d j oː s ʊ m
k a r n oː s ʊ m	k a r n oː s ʊ m
ɛ s t ɪ ɔ m	aɪ s t iː w ʊ m
l a m b r uː s k a m	l aː b r ʊ s k a m
k a n kʷ ɛ r ʊ m	k a ŋ k r ʊ m
t ɪ p uː l a m	t ɪ pː ʊ l a m
p a b ɪ l oː n ɛ m	p aː p ɪ l j oː n ɛ m
w ɛ ŋ k ɛ r ɛ	w ɛ lː ɛ r ɛ
s p ɛ k t aː k ʊ l ʊ m	s p ɛ k t aː k ʊ l ʊ m
m aɪ s t k ɪ t ʊ m	m ɪ k s t iː k j ʊ m
k ɔ r ɛ ɛ m	kʰ ɔ r eːa m
k r iː b l aː r ɛ	k r iː b r aː r ɛ
m ɪ s k ɛ lː aː n ɛ ʊ m	m ɪ s k ɛ lː aː n ɛu m
k r w k iː r zː r ɛ	k r ʊ oː r ɛ m
s ɪ n ɔ p s iː m	s y n ɔ p s ɛ m
k eː l w n t ɛ m	k a l ɛ n t ɛ m
r eː w ɔ l ɛ r ɛ	r ɛ w ɔ l w ɛ r ɛ
d ɛ p ɛ r d iː t j oː n ɛ m	d eː p ɛ r d ɪ t j oː n ɛ m
l a k uː s t r ɛ m	l a k ʊ s t r ɛ m
f r aː t ɛ r n ʊ m	f r aː t ɛ r n ʊ m
t r ɪ b ʊ l aː r ɛ	t r ɪ b ʊ l aː r ɛ
k uː p ɪ d ɪ t ɛ m	k ʊ p ɪ d ɪ t aː t ɛ m
d eː f ɛ n s oː r ɛ	d eː f eː n s oː r ɛ m
k ɔ aː g ʊ l aː t j oː n ɛ m	k ɔ aː g ʊ l aː t j oː n ɛ m
p r ɔ d ʊ k t j ʊ n ɛ m	p r oː d ʊ k t j oː n ɛ m
s ɔ r ɪ m eː	s oː r ɪ k ɛ m
a p r ʊ n ʊ m	p r uː n ʊ m
a r g ɪ lː a m	a r g ɪ lː a m
r ɛ k aː n ʊ ɛ m	r ɛ k ɛ n t ɛ m
s uː b uː r b aː n ʊ m	s ʊ b ʊ r b aː n ʊ m
p ɛ r d ɛ r ɛ	p ɛ r d ɛ r ɛ
d eː w ɛ n ɪ r ɛ	d eː w ɛ n iː r ɛ
ɪ n t ɛ r w ɛ r t ɪ r ɛ	ɪ n t ɛ r w ɛ r t ɛ r ɛ
b ɛ l ɪ k ʊ m	b ɛ lː ɪ k ʊ m
l ɔ k uː t oː r ɛ	l ɔ k uː t oː r ɛ m
n a t aː t ɔ r j ʊ m	n a t aː t oː r j ʊ m
l uː b r ɪ k iː t ɛ m	l uː b r ɪ k ɪ t aː t ɛ m
r a p aː k ɛ	r a p aː k ɛ m
p uː k w ɛ r j n ʊ m	w eː r
f r j iː k ʊ m m	f r iː g ɪ d ʊ m
p uː b l ɪ k ʊ m	p uː b l ɪ k ʊ m
m a s k l ʊ m	m a s k ʊ l ʊ m
k ɔ l uː d ɛ r ɛ	k ɔ lː uː d ɛ r ɛ
a n iː m ɔ n ʊ m	a n ɪ m ʊ m
ɔ pː r ɪ mː ɛ r ɛ	ɔ pː r ɪ m ɛ r ɛ
ɔ b t ɪ n ɛ r ɛ	ɔ b t ɪ n eː r ɛ
s ɔ n aː k ʊ l oː s ʊ m	s ɔ m n ɪ k ʊ l oː s ʊ m
g uː s t ɪ f iː k aː t oː r ɛ m	j uː s t ɪ f ɪ k aː t oː r ɛ m
f j ɛ r ʊ m	f ɛ r ʊ m
w ɛ n j a m	w ɛ n j a m
ɪ m p ɔ s ɪ t j oː n ɛ m	ɪ m p ɔ s ɪ t j oː n ɛ m
g a l a l g ɪ n ɛ m	g a lː ɛ t a m
eː l iː d ɛ r ɛ	eː l iː d ɛ r ɛ
p r ɛ p oː r eː m	p r aɪ p oː n ɛ r ɛ
k ɔ w aː r ɛ	k ʊ b aː r ɛ
a b ɪ t ʊ m	h a b ɪ t ʊ m
aɪ l ʊ m	aɪ w ʊ m
k oː lː ɛ n	k ɔ lː ɛ m
s ɛ g aː r ɛ	s ɛ k aː r ɛ
d ɛ m ɛ n t ɪ ɪ aː r ɛ	d eː m ɛ n t aː r ɛ
r a s k aː r ɛ	r aː d ɛ r ɛ
a s iː l ʊ m	a s y l ʊ m
d eː s p ɛ r ɛ t ɪ r ɛ	d ɪ s p ɛ r iː r ɛ
r ɛ k ɪ t aː t j oː n ɛ m	r ɛ k ɪ t aː t j oː n ɛ m
g r aː n d ɛ m	g r a n d ɛ m
ɪ n g uː r j a m	ɪ n ɪ uː r j a m
f l ɔ r ɪ d ʊ m	f l oː r ɪ d ʊ m
g uː r ʊ m	ɪ uː s
t ʊ r w ʊ m	t ɔ r w ʊ m
a n ʊ ɪ r ɛ	a d n ʊ ɛ r ɛ
s k aː l j aː r ɛ	s k aː l aː r ɛ m
k ɛ t ɛ l	k a t ɛ lː a m
r ɛ t r ɪ b ʊ ɛ r ɛ	r ɛ t r ɪ b ʊ ɛ r ɛ
ɪ n k oː l ʊ m ɛ m	ɪ ŋ k ɔ l ʊ m ɛ m
ɪ m a g ɛ n ɛ	ɪ m aː g ɪ n ɛ m
ɛ pː ɪ s t ɔ l a m	ɛ p ɪ s t ɔ l a m
p r aɪ t ɛ k s t aː r ɛ	p r aɪ t ɛ k s ɛ r ɛ
r uː p ɛ m	r uː p ɛ m
m ɔ lː ʊ j ɛ m	m ɔ lː ɪ t ɪ ɛ m
t ɪ t ʊ l aː r ɛ	t ɪ t ʊ l aː r ɛ m
b a s ʊ m	b a sː ʊ m
a sː iː s ʊ m	a sː ɛ sː ʊ m
k a l k oː l a k j oː n ɛ m	k a l k ʊ l aː t j oː n ɛ m
a m iː k ɪ t j a m	a m iː k ɪ t j a m
k ɔ m ɔ t j oː n ɛ	k ɔ mː oː t j oː n ɛ m
f a r m aː k ʊ m	pʰ a r m a k ʊ m
s uː p l ɪ t j ʊ m	s ʊ pː l ɪ k j ʊ m
w ɪ t ɛ m	w iː t ɛ m
s uː fː ɪ k j ɛ n t j a m	s ʊ fː ɪ k ɪ ɛ n t j a m
a s t r ɪ n g ɛ r ɛ	a s t r ɪ ŋ g ɛ r ɛ
a m b ɪ t ʊ m	a m b iː t ʊ m
ɪ k m aː k ʊ l aː t ʊ m	ɪ mː a k ʊ l aː t ʊ m
s ɔ b m ɛ t ɛ r ɛ	s ʊ mː ɪ tː ɛ r ɛ
p r aɪ d ɔ m ɪ n aː r ɛ	p r aɪ d ɔ m ɪ n aː r iː
k r ɛ d ɪ t aː r oː r ɛ	k r eː d ɪ t oː r ɛ m
t r j ɪ ʊ t aː r f a t oː r ɛ	t r j ʊ m pʰ aː t oː r ɛ m
uː ŋ ɛ kː oː k oː t oː j oː n ɛ m	m aː l ʊ m k ɔ t oː n j ʊ m
m a t uː r aː r ɛ	m aː t uː r aː r ɛ
m a r t ɪ r ɛ	m a r t y r ɛ m
s t r aː d ɛ m	s t r aː t a m
k r iː m ɪ n aː l ɛ	k r iː m ɪ n aː l ɛ m
d ɪ m ɛ t ɪ r ɛ	d eː m ɪ tː ɛ r ɛ
ɪ n aː l aː r ɛ	ɪ n h aː l aː r ɛ
a m b ʊ m	a m b oː s
s ɔ l ɪ t t j oː j d ɪ n ɛ m	s oː l ɪ t uː d ɪ n ɛ m
k ɔ n t ɛ n d ɛ r ɛ	k ɔ n t ɛ n d ɛ r ɛ
m eː l ʊ r aː r ɛ	m ɛ l j oː r aː r ɛ
h l ɪ m ɔ s ɪ n a m	ɛ l ɛ eː m ɔ s y n a m
p a t ɪ k ɛ r ɛ	p a t iː
g r ɛ g ʊ ɛ r ʊ m	g r ɛ g ɛ m
ɛ k s k ɛ s ɪ w ʊ m	ɛ k s k ɛ sː ɪ w ʊ m
k a w aː l j oː n ɛ r ɛ m	k a b a lː aː r j ʊ m
s a l uː t aː r ɛ	s a l uː t aː r ɛ
a w ɛ n a m	a w eː n a m
d ɛ m oː n j ʊ m	d aɪ m ɔ n j ʊ m
n k eː b l j a m	n ɛ b ʊ l a m
eː l iː m ɪ n aː r ɛ	eː l iː m ɪ n aː r ɛ
r ɛ s ɔ n aː r ɛ	r ɛ s ɔ n aː r ɛ
k ɪ s t ɛ r n a m	k ɪ s t ɛ r n a m
r ɛ w ɔ k aː t j oː n ɛ m	r ɛ w ɔ k aː t j oː n ɛ m
k ɔ n k ʊ r s ʊ m	k ɔ ŋ k ʊ r s ʊ m
t a k s aː t j oː n ɛ m	t a k s aː t j oː n ɛ m
p r ɔ l ɔ ŋ g aː r ɛ	p r oː l ɔ ŋ g aː r ɛ
ɔ rː h l ɪ t ʊ m	h ɔ rː ɪ d ʊ m
r ɛ p uː ŋ n aː r ɛ	r ɛ p ʊ ŋ n aː r ɛ
ɔ b l ɪ g aː r ɛ	ɔ b l ɪ g aː r ɛ
s t r ɪ g a m	s t r iː g a m
s y s ʊ m	s ɛ sː ʊ m
p a rː aː iː w r aː pʰ ʊ m	p a r a g r a pʰ ʊ m
ɪ n f ʊ n d ɛ r ɛ	iː n f ʊ n d ɛ r ɛ
a b ʊ l ʊ m	ɛ b ʊ l ʊ m
g r aː t j oː s ʊ m	g r aː t j oː s ʊ m
ɪ n kʷ ɪ l iː n ʊ m	ɪ ŋ kʷ ɪ l iː n ʊ m
ɪ n d ɪ ŋ n ɪ t aː t ɛ m	ɪ n d ɪ ŋ n ɪ t aː t ɛ m
p ɔ l uː iː	p ɔ lː ʊ ɛ r ɛ
r uː ɛ r ɛ m	r ʊ ɛ r ɛ
a s k w ɛ ɛ t aː r ɛ	a s p ɛ k t aː r ɛ
ɪ rː ɔ g aː r ɛ	ɪ rː ɔ g aː r ɛ
d ɪ s t ɛ n d ɛ r ɛ	d ɪ s t ɛ n d ɛ r ɛ
k ɔ h p eː r aː t j oː n ɛ m	k ɔː p ɛ r aː t j oː n ɛ m
b ɪ ɛ n ɛ m	b ɪ ɛ nː ɛ m
a b n oː r m ɛ	a b n oː r m ɛ m
d ɛ k ɛ r n ɛ r ɛ	d eː k ɛ r n ɛ r ɛ
a b ɔ m ɪ n aː t j oː n ɛ m	a b oː m ɪ n aː t j oː n ɛ m
f ɛ rː aː m j ɛ n t a m	f ɛ rː aː m ɛ n t ʊ m
l a s p ɪ d ɛ m	l a p ɪ d ɛ m
d ɔ n ʊ s t aː r ɛ	d ɛ h ɔ n ɛ s t aː r ɛ
w eː t ɛ ɛ	w ɛ t ɛ r ɛ m
p ɔ s t ʊ l aː t j oː n ɛ m	p ɔ s t ʊ l aː t j oː n ɛ m
p r ɔ d ɪ g aː r ɛ	p r oː d ɪ g ɛ r ɛ
t r aː s b s k ɛ n d ɛ r ɛ	t r aː n s k ɛ n d ɛ r ɛ
m a n k ɛ b ʊ m	m a ŋ k ɪ p ɛ m
a kː ʊ s aː b ɪ l ɛ	a kː uː s aː b ɪ l ɛ m
a r aː l ɛ m	a fː l aː r ɛ
w ɪ s ʊ m s	w iː s ʊ m
p r ɔ k r aː s t ɪ n aː r ɛ	p r oː k r aː s t ɪ n aː r ɛ
d ʊ b l ʊ m	d ʊ p l ʊ m
ɪ n k ɛ n d ɛ r ɛ	ɪ ŋ k ɛ n d ɛ r ɛ
s ɪ r a k ʊ m	s eː r ɪ k ʊ m
w ɛ s p r ʊ m	w ɛ s p ɛ r ʊ m
a ɪ ɪ k ʊ m	aː t ɪ k ʊ m
d ɛ s ɔ l aː r ɛ	d eː s oː l aː r ɛ
f ʊ ŋ g oː s ʊ m	f ʊ ŋ g oː s ʊ m
p ɛ r m ɪ s j oː n ɛ m	p ɛ r m ɪ sː j oː n ɛ m
p ɔ s ɛ s j oː n ɛ m	p ɔ sː ɛ sː j oː n ɛ m
eː w ɛ k ŋ k eː r ɛ	eː w ɪ ŋ k ɛ r ɛ
s k uː rː ɛ r ɛ	ɛ k s k ʊ rː ɛ r ɛ
m iː g r aː r ɛ	m ɪ g r aː r ɛ
s ɛ l w aː t ɪ k ʊ m	s ɪ l w aː t ɪ k ʊ m
b ɪ s k a m	b eː s t j a m
t ɪ l j j a m	t ɪ l j a m
a fː ɛ k t ʊ m	a fː ɛ k t ʊ m
p a r ɔ n oː m aː s j a m	p a r ɔ n ɔ m a s j a m
ɪ m p r ɔ b aː r ɛ	ɪ m p r ɔ b aː r ɛ
eː fː iː k aː t iː t aː t ɛ m	ɛ fː ɪ k aː k ɪ t aː t ɛ m
s p ɛ k j ɛ m	s p ɛ k ɪ ɛ m
g ɛ n t ɪ l ʊ m	g ɛ n t iː l ɛ m
l ɛ p r oː s ʊ m	l ɛ p r oː s ʊ m
eː m eː ɪ n d aː r ɛ	eː m ɛ n d aː r ɛ
r ɪ g ʊ r oː s ʊ m	r ɪ g ɔ r ɔ s ʊ m
t uː b ɛ r oː s ʊ m	t uː b ɛ r oː s ʊ m
r ɛ k ɛ p t aː t oː r ɛ	r ɛ k ɛ p t aː t oː r ɛ m
a d ʊ r aː t ɛ m	a d ɪ uː r aː t j oː n ɛ m
k ɔ rː ɔ d ɛ r ɛ	k ɔ rː oː d ɛ r ɛ
ɛ k k ɛ lː ɛ n t j a m	ɛ k s k ɛ lː ɛ n t j a m
w ʊ l p ɛ m	w ʊ l p ɛ m
t ɛ n ɪ ŋ r ɛ	t ɛ n eː r ɛ
k ɔ n k ʊ a m	k ɔ ŋ kʰ a m
d ɔ m ɪ n ɪ k aː l ɛ	d ɔ m ɪ n ɪ k aː l ɛ m
s ɛ rː ɛ g ɪ n	s ɛ rː aː g ɪ n ɛ m
k ɔ n w ɛ r t eː r ɛ	k ɔ n w ɛ r t ɛ r ɛ
a k k ɛ d ɛ r ɛ	a kː eː d ɛ r ɛ
k ɔ g ʊ l ʊ m	k ʊ k ʊ lː ʊ m
s t uː p ɛ r ɛ	s t ʊ p eː r ɛ
s uː k ʊ uː l ɛ n t ʊ m	s ʊ kː ʊ l ɛ n t ʊ m
kʷ ɔ t ɪ d j aː n ʊ m	k ɔ t iː d j aː n ʊ m
p a r ʊ m	p a r ɛ m
ɪ n kʷ ɪ n aː r ɛ	ɪ ŋ kʷ ɪ n aː r ɛ
b ɛ s t j aː r j ʊ m	b eː s t j aː r j ʊ m
d ɛ k ɪ m aː l ɛ	d ɛ k ɪ m a l ɛ m
a kː uː s aː t oː r j ʊ m	a kː uː s aː t oː r j ʊ m
a r b ɪ t r aː r ɛ	a r b ɪ t r aː r iː
w ɛ r b aː l ɛ	w ɛ r b aː l ɛ m
r ɛ p ɛ t ɛ r ɛ	r ɛ p ɛ t ɛ r ɛ
f ɛ m ʊ r ɛ	f ɛ m ʊ r
aː n k oː m j ʊ m	ɛ ŋ k oː m j ʊ m
d ɪ s t r aː k t j oː n ɛ m	d ɪ s t r a k t j oː n ɛ m
k ɔ m p ɛ l ɛ r ɛ	k ɔ m p ɛ lː ɛ r ɛ
a nː ɪ k ɔ s ʊ m	a nː oː s ʊ m
p r ɔ r ʊ m p ɛ r ɛ	p r oː r ʊ m p ɛ r ɛ
m uː n ɪ k j oː m	m uː n iː t j oː n ɛ m
p ɪ k ʊ ʊ m	p iː k ʊ m
s t uː d j ʊ m	s t ʊ d j ʊ m
ɪ n s oː n t ɛ m	iː n s ɔ n t ɛ m
g r aː t s j ʊ t ʊ m	g r aː t ʊ iː t ʊ m
s a l uː t ɛ m	s a l uː t ɛ m
w ɪ m ɪ n ɛ m	w iː m ɛ n
b r aː k aː t ʊ m	b r aː k aː t ʊ m
a k t oː r ɛ	aː k t oː r ɛ m
p r oː w a m	p r oː r a m
p uː b ɛ m	p uː b ɛ r ɛ m
k ʊ k ʊ r k b ɪ t a m	k ʊ k ʊ r b ɪ t a m
s k ɔ ɪ j r r oː m	s k ɪ uː r ʊ m
ɪ r a m	iː r a m
a s p ɪ r aː t j oː n ɛ	a s p iː r aː t j oː n ɛ m
uː m ɪ d ʊ m	h uː m ɪ d ʊ m
l ɪ t ɪ g aː r ɛ	l iː t ɪ g aː r ɛ
a l aː k r ɪ t aː t ɛ m	a l a k r ɪ t aː t ɛ m
a pː r ɔ p r j aː t j oː n ɛ m	a pː r ɔ p r j aː t j oː n ɛ m
r ɔ g ʊ m	r ɔ g ʊ m
s ʊ s t r aː k t j oː n ɛ m	s ʊ b t r a k t j oː n ɛ m
p oː n t j oː n ɛ m	p oː t j oː n ɛ m
b ɔ b ʊ m	b a l b ʊ m
ɛ r eː m ʊ m	h ɛ r eː m ʊ m
t ɛ n ɛ r n ʊ m	t ɛ n ɛ r ʊ m
a b j ɛ k t aː r ɛ	a b ɪ k ɛ r ɛ
p ɛ r w ɪ r t ɪ r ɛ	p ɛ r w ɛ r t ɛ r ɛ
d ɪ s t ɔ r k ɛ r ɛ	d ɪ s t ɔ r kʷ eː r ɛ
f ɛ s t ɪ w ʊ m	f ɛ s t iː w ʊ m
s ʊ m aː r j ʊ m	s ʊ mː aː r j ʊ m
s ɔ l ʊ t ʊ m	s ɔ l uː t ʊ m
p ɛ r ɪ k j a m	p ɛ r iː t j a m
p r ɛ w j ʊ m	p r aɪ w j ʊ m
k ɔ n w ɔ k aː t j oː n ɛ m	k ɔ n w ɔ k aː t j oː n ɛ m
ɪ n w ɛ n t r ɪ ɛ	ɪ n w ɛ n t r iː k ɛ m
ɪ l aɪ s ʊ m	ɪ lː aɪ s ʊ m
d ɛ t ɛ r m ɪ n a r ɛ	d eː t ɛ r m ɪ n aː r ɛ
p r ɔ n ɔ ŋ s t ɪ k	p r ɔ ŋ n oː s ɛ m
n ɔ k ɪ w ʊ m	n ɔ k iː w ʊ m
k ɔ m ʊ n j oː n ɛ m	k ɔ mː uː n iː r ɛ
k ɔ m p r oː m ɛ t ɛ r ɛ	k ɔ m p r oː m ɪ tː ɛ r ɛ
f a ɪ n a m	f aː g ɪ n ʊ m
aʊ r iː k ʊ l a m	aʊ r ɪ k ʊ l a m
a b ɛ rː aː r ɛ	a b ɛ rː aː r ɛ
ɪ mː ɛ r g ɛ r ɛ	ɪ mː ɛ r g ɛ r ɛ
d ɛ p ɛ r ɪ t r ɛ	d eː p ɛ r iː r ɛ
s ʊ s t r a h ɛ r ɛ	s ʊ b t r a h ɛ r ɛ
p r ɔ l eː t aː r j a t ʊ m	p r oː l eː t aː r j ʊ m
f l ʊ s k ʊ l ʊ m	f l ɔ s k ʊ l ʊ m
a m a r kʷ aː r ɛ	a m aː r ɪ k aː r ɛ
p ɛ r p eː t aː t j ʊ n ɛ m	p ɛ r p ɛ t w aː t oː n ɛ m
s ɔ r t ɛ m	s ɔ r t ɛ m
ɪ n k ɔ m p ɛ t ɛ n t ɛ m	ɪ ŋ k ɔ m p ɛ t ɛ n t ɛ m
a m p l ɪ f ɪ k aː r ɛ	a m p l ɪ f ɪ k aː r ɛ
w ɪ t uː l ʊ m	w ɪ t ʊ l ʊ m
t r aɪ t ʊ m	t r a k t ʊ m
b ɔ t ɪ k a m	a p ɔ tʰ eː k a m
r ɛ p ɛ lː ɛ r ɛ	r ɛ p ɛ lː ɛ r ɛ
g r aː n ʊ m	g r aː n ʊ m
a b r ɔ g aː r ɛ	a b r ɔ g aː r ɛ
m a t aː s a m	m a t a k s a m
p r ɛ w ɛ r ɛ	p r aɪ w ɪ d eː r ɛ
m uː l ʊ m	m uː l ʊ m
a l uː k iː r nː ʊ m	a l ʊ m n ʊ m
ɪ n s k r iː w ɛ r ɛ	iː n s k r iː b ɛ r ɛ
n ɛ g ɔ k j aː t j oː n ɛ m	n ɛ g oː t j aː t j oː n ɛ m
k a l w ɪ r ɛ	k a l w iː
p ɛ k uː n j aː m	p ɛ k uː n j a m
k ɔ n m ʊ t aː r ɛ	k ɔ mː uː t aː r ɛ
b ɪ ɛ n j ʊ m	b ɪ ɛ nː j ʊ m
s ɛ d ɛ m	s eː d ɛ m
k r ɔ k ɪ f eː r ʊ m	k r ʊ k ɪ f ɛ r ʊ m
r ɔ m ɛ k a m	r ʊ m ɪ k ɛ m
d ɛ n ɛ g aː r ɛ	d eː n ɛ g aː r ɛ
r eː w ɛ d aː r ɛ	r ɛ w ɪ d eː r ɛ
w ɪ g ɛ m ɛ k n t ɛ m	w ɛ h ɛ m ɛ n t ɛ m
k ɔ m p ʊ n k t j oː n ɛ m	k ɔ m p ʊ ŋ k t j oː n ɛ m
f ɔ r n ɪ k s ɛ m	f ɔ r n ɪ k ɛ m
r uː g ɪ n a m	aɪ r uː g ɪ n ɛ m
a b l uː eː r ɛ	a b l ʊ ɛ r ɛ
ɛ k s f ɔ l j aː r ɛ	ɛ k s f oː l j aː r ɛ
ɛ k s t ɛ r m ɪ n aː t j oː m	ɛ k s t ɛ r m ɪ n aː t j oː n ɛ m
r ɛ k uː s aː t j oː n ɛ m	r ɛ k uː s aː t j oː n ɛ m
l aʊ r ɛ t l ɛ m	l aʊ r ɛ aː t ʊ m
eː b uː r n ɛu ʊ m	ɛ b ʊ r n ɛu m
k ɔ rː ɔ s j oː n ɛ	k ɔ rː oː s j oː n ɛ m
t a k s aː r ɛ	t a k s aː r ɛ
k aː k t ɪ w ʊ m	k a p t iː w ʊ m
b a s ɪ l ɪ s k ʊ m	b a s ɪ l ɪ s k ʊ m
p r ɔ w ɔ k aː t oː r ɛ	p r oː w ɔ k aː t oː r ɛ m
ɪ n t ɛ n t ʊ m	ɪ n t ɛ n t ʊ m
ɪ n w ɛ n t oː r ɛ	ɪ n w ɛ n t oː r ɛ m
f a w oː r ɛ	f a w oː r ɛ m
ɪ n d ɪ s k r ɪ t j oː n ɛ m	ɪ n d ɪ s k r eː t j oː n ɛ m
a k ɔ n s eː k ʊ aː r ɛ	a kː ɔ ŋ k ɪ l j aː r ɛ
n ɔ t a m	n ɔ t a m
k ɔ n g ʊ n g ɛ r ɛ	k ɔ n j ʊ ŋ g ɛ r ɛ
ɔ p uː l ɛ n t ʊ m	ɔ p ʊ l ɛ n t ʊ m
ɪ n g l ɛ s k ɛ m	a ŋ g l eː n s ɛ m
m ʊ l k ɛ r ɛ	m ʊ l k eː r ɛ
w ɪ p ɛ r a m	w iː p ɛ r a m
r ɛ k l aː m aː t j oː n ɛ m	r eː k l aː m aː t j oː n ɛ m
s uː b ɪ t ʊ m	s ʊ b ɪ t ʊ m
t ɛ m ɛ r ɛ	t ɪ m eː r ɛ
d ɪ s t ɪ lː aː r ɛ	d eː s t ɪ lː aː r ɛ
a kː ʊ rː eː r ɛ	a kː ʊ rː ɛ r ɛ
k ɔ n t r ɪ t j oː n ɛ m	k ɔ n t r iː t j oː n ɛ m
ɪ t ɛ r aː r ɛ	ɪ t ɛ r aː r ɛ
p r ʊ t r a r ɛ	p r oː t r a h ɛ r ɛ
r eː s p l ɛ n d aː iː r ɛ m	r ɛ s p l ɛ n d eː r ɛ
s ɛ r m oː n ɛ m	s ɛ r m oː n ɛ m
p ɛ r k ʊ s oː r ɛ	p ɛ r k ʊ sː oː r ɛ m
f a s ɛ m	f a k ɪ ɛ m
m ɛ l ɔ d j a m	m ɛ l oː d j a m
uː eː s k ɛ r ʊ m	ɔ s t j aː r j ʊ m
b ɛ l aː r ɛ	b aː l aː r ɛ
p ɛ n aː t eː s	p ɛ n aː t ɛ m
m ɪ t ɪ g aː t j oː n ɛ m	m iː t ɪ g aː t j oː n ɛ m
k ʊ l ɛ r a m	kʰ ɔ l ɛ r a m
k uː rː ɪ k ʊ l ʊ m	k ʊ rː ɪ k ʊ l ʊ m
r ɛ f ɛ r iː r ɛ	r ɛ f ɛ rː ɛ
ɛ k s ɪ t ʊ m	ɛ k s ɪ t ʊ m
a d iː t ʊ m	a d ɪ t ʊ m
a m ɛ t ɪ s t a m	a m ɛ tʰ y s t a m
a b ɔ m aː s ʊ m	a b ɔ m aː s ʊ m
ɪ m p ɛ k ɛ r ɛ	ɪ m p ɛ d iː r ɛ
ɪ n t r ɔ d uː k t j ʊ n ɛ m	ɪ n t r oː d ʊ k t j oː n ɛ m
k a s t r ʊ m	k a s t r ʊ m
k l aɪ m ɛ n t ɪ sː ɪ m ʊ m	k l eː m eː n t ɪ sː ɪ m ʊ m
eː l uː eː r ɛ	eː l ʊ ɛ r ɛ
k ɔ n f ɪ s k aː r ɛ	k oː n f ɪ s k aː r ɛ
ɪ ŋ n ɔ r aː r ɛ	ɪ ŋ n oː r aː r ɛ
uː n iː w ɔ k ʊ m	uː n ɪ w ɔ k ʊ m
t ɛ m p ɔ r aː l ɛ	t ɛ m p ɔ r aː l ɛ m
d iː s p ɛ n s aː r ɛ	d ɪ s p eː n s aː r ɛ
a l ɛ g aː r ɛ	a lː ɛ g ɛ r ɛ
d ɛ t ɛ k t aː r j ɛ	d eː t ɛ g ɛ r ɛ
p r ɛ k ɛ aː r ɛ	p r ɛ k aː r iː
p r aɪ t ɛ r iː r ɛ	p r aɪ t ɛ r iː r ɛ
w ɪ n k ʊ l aː r ɛ	w ɪ ŋ k ʊ l aː r ɛ
p r ɔ s p eː r aː r ɛ	p r ɔ s p ɛ r aː r ɛ
s p ʊ r k aː r ɛ	s p ʊ r k aː r ɛ
m uː n ɪ f ɪ k ɛ n t j a m	m uː n ɪ f ɪ k ɛ n t j a m
k ɔ n s ɛ r w aː r ɛ	k oː n s ɛ r w aː r ɛ
n ɔ m ɪ n aː r ɛ	n oː m ɪ n aː r ɛ
k a p ɪ t ʊ l aː t j oː n ɛ m	k a p ɪ t ʊ l aː t j oː n ɛ m
m a l ɛ d ɪ k ɛ r ɛ	m a l ɛ d iː k ɛ r ɛ
r ɛ n oː s ʊ m	a r eː n oː s ʊ m
a ɛ r ɔ m a n t j a m	aː ɛ r ɔ m a n t iː a m
p a n w ɛ r ɛ	p aː n aː r j ʊ m
ʊ n t w oː ɛ m s ʊ m	uː ŋ k t ʊ oː s ʊ m
s ɛ r j oː s ʊ m	s eː r j oː s ʊ m
ɔ r t ʊ g r aː f j ʊ m	ɔ r tʰ ɔ g r a pʰ j a m
k ɔ r ɔ n iː d ɛ m	k ɔ r oː n ɪ d ɛ m
a l ɛ lː ʊ m	a ŋ n ɛ lː ʊ m
f ɛ l oː n ɛ m	f ɛ lː aː r ɛ
ʊ n k ɪ a m	ʊ ŋ k j a m
f ɔ r n ɪ k aː r ɛ	f ɔ r n ɪ k aː r iː
